{"epoch": 0, "loss": 0.0006731601897627115, "_timestamp": 1688231059.7425804, "_runtime": 582.0099544525146, "_step": 2135}