{"epoch": 1, "loss": 0.00580946309491992, "_timestamp": 1688224833.9323065, "_runtime": 1130.7695605754852, "_step": 3945}