{"epoch": 0, "loss": 0.2919823229312897, "_timestamp": 1688300493.0516741, "_runtime": 97.6767361164093, "_step": 70}