{"epoch": 0, "loss": 0.00418047932907939, "_timestamp": 1688231277.4589863, "_runtime": 191.77166533470154, "_step": 695}