{"epoch": 0, "loss": 0.009685108438134193, "_timestamp": 1688225086.5945225, "_runtime": 204.82502436637878, "_step": 715}