{"epoch": 0, "loss": 0.08574948459863663, "_timestamp": 1688234278.0960732, "_runtime": 620.7970530986786, "_step": 465}