{"epoch": 9, "loss": 0.2566699981689453, "_timestamp": 1688241959.998963, "_runtime": 6286.547715187073, "_step": 4759, "_wandb": {"runtime": 6287}}