{"epoch": 3, "loss": 0.009928690269589424, "_timestamp": 1688222706.1403894, "_runtime": 2595.791093349457, "_step": 7455}