{"epoch": 0, "loss": 0.016318142414093018, "_timestamp": 1688218846.5783265, "_runtime": 295.700035572052, "_step": 840}