{"epoch": 0, "loss": 0.015454238280653954, "_timestamp": 1688224872.7838175, "_runtime": 22.91661548614502, "_step": 70}