{"epoch": 0, "loss": 0.027330432087183, "_timestamp": 1688219676.8724115, "_runtime": 365.1797685623169, "_step": 1035}