{"epoch": 0, "loss": 0.007598015479743481, "_timestamp": 1688223667.9887764, "_runtime": 377.52901339530945, "_step": 1305}