{"epoch": 2, "loss": 0.0017276126891374588, "_timestamp": 1688227164.3196626, "_runtime": 1741.8121814727783, "_step": 6060}