{"epoch": 0, "loss": 0.0010743722086772323, "_timestamp": 1688225264.250936, "_runtime": 133.74117803573608, "_step": 460}