{"epoch": 2, "loss": 0.08231484889984131, "_timestamp": 1688235644.4883883, "_runtime": 1348.052014350891, "_step": 1002}