{"epoch": 2, "loss": 0.1766079068183899, "_timestamp": 1688233634.3793972, "_runtime": 1531.9935960769653, "_step": 1152}