{"epoch": 77, "loss": 0.26334965229034424, "_timestamp": 1688300353.5926647, "_runtime": 50735.2872467041, "_step": 36927}