{"epoch": 0, "loss": 0.03997427970170975, "_timestamp": 1688220008.212685, "_runtime": 229.29449200630188, "_step": 295}