{"epoch": 1, "loss": 0.20540019869804382, "_timestamp": 1688232058.5856295, "_runtime": 760.9433693885803, "_step": 2740}